URL,Index Status,Coverage State,Last Crawl Date,Clicks (30d),Impressions (30d),CTR (%),Avg Position,HTTP Status,In Sitemap,Sitemap Last Modified,Accessible,Action Needed
https://www.icebergdata.co/,PASS,Submitted and indexed,2025-12-12,0,0,0.00,,200,Yes,2025-01-25,Yes,Optimize Content for SEO
https://www.icebergdata.co/press,PASS,Submitted and indexed,2025-12-12,0,0,0.00,,200,Yes,2025-12-11,Yes,Optimize Content for SEO
https://www.icebergdata.co/services,PASS,Submitted and indexed,2025-10-25,0,0,0.00,,200,Yes,2025-12-11,Yes,Optimize Content for SEO; Request Recrawl
https://www.icebergdata.co/services/web-scraping,PASS,Submitted and indexed,2025-12-06,0,0,0.00,,200,Yes,2025-12-11,Yes,Optimize Content for SEO
https://www.icebergdata.co/services/data-integration,PASS,Submitted and indexed,2025-12-11,0,0,0.00,,200,Yes,2025-12-11,Yes,Optimize Content for SEO
https://www.icebergdata.co/services/custom-solutions,PASS,Submitted and indexed,2025-11-19,0,0,0.00,,200,Yes,2025-12-11,Yes,Optimize Content for SEO
https://www.icebergdata.co/car-rental,PASS,Submitted and indexed,2025-12-11,0,0,0.00,,200,Yes,2025-07-29,Yes,Optimize Content for SEO
https://www.icebergdata.co/case-studies,PASS,Submitted and indexed,2025-11-15,0,0,0.00,,200,Yes,2025-12-13,Yes,Optimize Content for SEO
https://www.icebergdata.co/privacy,PASS,Submitted and indexed,2025-12-11,0,0,0.00,,200,Yes,2025-07-30,Yes,Optimize Content for SEO
https://www.icebergdata.co/terms,PASS,Submitted and indexed,2025-12-07,0,0,0.00,,200,Yes,2025-07-30,Yes,Optimize Content for SEO
https://www.icebergdata.co/cookies,PASS,Submitted and indexed,2025-12-01,0,0,0.00,,200,Yes,2025-07-30,Yes,Optimize Content for SEO
https://www.icebergdata.co/refund,NEUTRAL,Duplicate without user-selected canonical,2025-12-05,0,0,0.00,,200,Yes,2025-07-30,Yes,No Action
https://www.icebergdata.co/refund-policy,PASS,Submitted and indexed,2025-12-11,0,0,0.00,,200,Yes,2025-07-30,Yes,Optimize Content for SEO
https://www.icebergdata.co/case-study/home-services/home-services-decoding-local-service-narratives-hyper-local-sentiment,NEUTRAL,URL is unknown to Google,,0,0,0.00,,200,Yes,2025-12-13,Yes,No Action
https://www.icebergdata.co/case-study/airlines/airlines-slashing-aircraft-ground-aog-incidents-through,NEUTRAL,URL is unknown to Google,,0,0,0.00,,200,Yes,2025-12-12,Yes,No Action
https://www.icebergdata.co/case-study/airlines/airlines-decoding-passenger-priorities-review-scraping-uncovered,NEUTRAL,URL is unknown to Google,,0,0,0.00,,200,Yes,2025-12-11,Yes,No Action
https://www.icebergdata.co/case-study/e-commerce/e-commerce-quantifying-authenticity-tracking-greenwashing-accusations-validate,PASS,Submitted and indexed,2025-12-11,0,0,0.00,,200,Yes,2025-12-10,Yes,Optimize Content for SEO
https://www.icebergdata.co/case-study/car-rental/car-rental-frustration-feature-analyzing-100000-customer-reviews,PASS,Submitted and indexed,2025-12-11,0,0,0.00,,200,Yes,2025-12-10,Yes,Optimize Content for SEO
https://www.icebergdata.co/case-study/manufacturing/manufacturing-workshop-wishlist-uncovering-maker-influencers-boost,PASS,Submitted and indexed,2025-12-11,0,0,0.00,,200,Yes,2025-12-10,Yes,Optimize Content for SEO
https://www.icebergdata.co/case-study/retail/retail-deconstructing-competitor-roi-pinpointing-high-value-influencers,PASS,Submitted and indexed,2025-12-11,0,0,0.00,,200,Yes,2025-12-08,Yes,Optimize Content for SEO
https://www.icebergdata.co/case-study/car-rental/car-rental-boosting-ancillary-revenue-through-granular-competitor,PASS,Submitted and indexed,2025-12-11,0,0,0.00,,200,Yes,2025-12-06,Yes,Optimize Content for SEO
https://www.icebergdata.co/case-study/airlines/airlines-booking-baggage-claim-lifting-customer-satisfaction,PASS,Submitted and indexed,2025-12-11,0,0,0.00,,200,Yes,2025-12-06,Yes,Optimize Content for SEO
https://www.icebergdata.co/case-study/consumer-electronics/consumer-electronics-maximizing-refurbished-electronics-margins-real-time-condition-based,PASS,Submitted and indexed,2025-12-11,0,0,0.00,,200,Yes,2025-12-06,Yes,Optimize Content for SEO
https://www.icebergdata.co/case-study/e-commerce/e-commerce-hack-feature-scraping-user-reviews-uncovered-niche-smart,PASS,Submitted and indexed,2025-12-11,0,0,0.00,,200,Yes,2025-12-05,Yes,Optimize Content for SEO
https://www.icebergdata.co/case-study/lead-generation/lead-generation-data-deal-pinpointing-logistics-bottlenecks-generate,PASS,Submitted and indexed,2025-12-11,0,0,0.00,,200,Yes,2025-12-05,Yes,Optimize Content for SEO
https://www.icebergdata.co/case-study/manufacturing/manufacturing-optimizing-just-in-time-inventory-perishable-adhesives-real-time,PASS,Submitted and indexed,2025-12-11,0,0,0.00,,200,Yes,2025-12-05,Yes,Optimize Content for SEO
https://www.icebergdata.co/case-study/food-delivery/food-delivery-maximizing-order-volume-through-granular-fee,PASS,Submitted and indexed,2025-12-11,0,0,0.00,,200,Yes,2025-12-05,Yes,Optimize Content for SEO
https://www.icebergdata.co/case-study/e-commerce/e-commerce-boosting-average-order-value-through-competitor-kit-bundle,PASS,Submitted and indexed,2025-12-11,0,0,0.00,,200,Yes,2025-12-03,Yes,Optimize Content for SEO
https://www.icebergdata.co/case-study/e-commerce/e-commerce-mapping-unboxing-journey-dtc-brand-reversed-dip-loyalty,PASS,Submitted and indexed,2025-12-02,0,0,0.00,,200,Yes,2025-12-02,Yes,Optimize Content for SEO
https://www.icebergdata.co/case-study/hotels/hotels-automating-resort-fee-disclosure-audits-ensure,NEUTRAL,Excluded by ‘noindex’ tag,2025-12-02,0,0,0.00,,200,Yes,2025-12-02,Yes,No Action
https://www.icebergdata.co/case-study/car-rental/car-rental-queue-keys-halving-customer-wait-times-car-rental,NEUTRAL,Discovered - currently not indexed,,0,0,0.00,,200,Yes,2025-11-29,Yes,No Action
https://www.icebergdata.co/case-study/healthcare/healthcare-winning-bid-securing-contract-win-rate-increase,NEUTRAL,Discovered - currently not indexed,,0,0,0.00,,200,Yes,2025-11-26,Yes,No Action
https://www.icebergdata.co/case-study/e-commerce/e-commerce-unlocking-niche-markets-data-scraping-identified,PASS,Submitted and indexed,2025-12-02,0,0,0.00,,200,Yes,2025-11-23,Yes,Optimize Content for SEO
https://www.icebergdata.co/case-study/healthcare/healthcare-reducing-clinic-congestion-patient-flow-public,NEUTRAL,Discovered - currently not indexed,,0,0,0.00,,200,Yes,2025-11-23,Yes,No Action
https://www.icebergdata.co/case-study/manufacturing/manufacturing-pinpointing-niche-technical-influencers-cnc-manufacturer,PASS,Submitted and indexed,2025-12-02,0,0,0.00,,200,Yes,2025-11-21,Yes,Optimize Content for SEO
https://www.icebergdata.co/case-study/e-commerce/e-commerce-reversing-sales-dip-pinpointing-greenwashing-accusations,PASS,Submitted and indexed,2025-12-02,0,0,0.00,,200,Yes,2025-11-18,Yes,Optimize Content for SEO
https://www.icebergdata.co/case-study/car-rental/car-rental-closing-weekend-profit-gap-hyper-local-demand-sensing,NEUTRAL,Discovered - currently not indexed,,0,0,0.00,,200,Yes,2025-11-18,Yes,No Action
https://www.icebergdata.co/case-study/airlines/airlines-uncovering-latent-demand-identifying-high-yield-corporate,PASS,Submitted and indexed,2025-12-02,0,0,0.00,,200,Yes,2025-11-18,Yes,Optimize Content for SEO
https://www.icebergdata.co/case-study/market-intelligence/market-intelligence-increasing-station-utilization-through-geospatial-expansion,PASS,Submitted and indexed,2025-12-02,0,0,0.00,,200,Yes,2025-11-18,Yes,Optimize Content for SEO
https://www.icebergdata.co/case-study/retail/retail-slashing-last-mile-delivery-costs-hyper-local-event,PASS,Submitted and indexed,2025-12-02,0,0,0.00,,200,Yes,2025-11-17,Yes,Optimize Content for SEO
https://www.icebergdata.co/case-study/lead-generation/lead-generation-unlocking-uplift-qualified-leads-analyzing-competitor,PASS,Submitted and indexed,2025-12-02,0,0,0.00,,200,Yes,2025-11-17,Yes,Optimize Content for SEO
https://www.icebergdata.co/case-study/airlines/airlines-proactive-tarmac-delay-mitigation-aggregating-real-time,NEUTRAL,Discovered - currently not indexed,,0,0,0.00,,200,Yes,2025-11-16,Yes,No Action
https://www.icebergdata.co/case-study/hotels/hotels-reducing-perishable-food-spoilage-real-time-supplier,PASS,Submitted and indexed,2025-12-02,0,0,0.00,,200,Yes,2025-11-16,Yes,Optimize Content for SEO
https://www.icebergdata.co/case-study/hotels/hotels-closing-wellness-gap-hotel-chain-lifted-guest-satisfaction,NEUTRAL,Discovered - currently not indexed,,0,0,0.00,,200,Yes,2025-11-16,Yes,No Action
https://www.icebergdata.co/case-study/market-intelligence/market-intelligence-uncovering-niche-influencers-analyzing-unstructured-forum,NEUTRAL,Discovered - currently not indexed,,0,0,0.00,,200,Yes,2025-11-15,Yes,No Action
https://www.icebergdata.co/case-study/retail/retail-mapping-in-store-cold-zones-pathing-analysis,NEUTRAL,Discovered - currently not indexed,,0,0,0.00,,200,Yes,2025-11-14,Yes,No Action
https://www.icebergdata.co/case-study/lead-generation/lead-generation-automating-tcpa-dnc-compliance-mitigating-legal,NEUTRAL,Discovered - currently not indexed,,0,0,0.00,,200,Yes,2025-11-13,Yes,No Action
https://www.icebergdata.co/case-study/consumer-electronics/consumer-electronics-redesigning-in-store-customer-journeys-sales-uplift,PASS,Submitted and indexed,2025-12-02,0,0,0.00,,200,Yes,2025-11-13,Yes,Optimize Content for SEO
https://www.icebergdata.co/case-study/manufacturing/manufacturing-slashing-reverse-logistics-costs-real-time-carrier,NEUTRAL,Discovered - currently not indexed,,0,0,0.00,,200,Yes,2025-11-12,Yes,No Action
https://www.icebergdata.co/case-study/airlines/airlines-boosting-passenger-satisfaction-through-in-app-feature,PASS,Submitted and indexed,2025-12-02,0,0,0.00,,200,Yes,2025-11-11,Yes,Optimize Content for SEO
https://www.icebergdata.co/case-study/retail/retail-closing-feature-gap-review-scraping-lifted,PASS,Submitted and indexed,2025-12-02,0,0,0.00,,200,Yes,2025-11-11,Yes,Optimize Content for SEO
https://www.icebergdata.co/case-study/home-services/home-services-pinpointing-service-deserts-expanding-specialty-appliance,NEUTRAL,Discovered - currently not indexed,,0,0,0.00,,200,Yes,2025-11-10,Yes,No Action
https://www.icebergdata.co/case-study/e-commerce/e-commerce-hack-feature-quantifying-unintended-product-uses,NEUTRAL,Discovered - currently not indexed,,0,0,0.00,,200,Yes,2025-11-08,Yes,No Action
https://www.icebergdata.co/case-study/e-commerce/e-commerce-pinpointing-european-market-entry-data-driven-analysis,PASS,Submitted and indexed,2025-12-02,0,0,0.00,,200,Yes,2025-11-08,Yes,Optimize Content for SEO
https://www.icebergdata.co/case-study/e-commerce/e-commerce-boosting-margin-event-driven-dynamic-pricing-fan-apparel,PASS,Submitted and indexed,2025-12-02,0,0,0.00,,200,Yes,2025-11-05,Yes,Optimize Content for SEO
https://www.icebergdata.co/case-study/hotels/hotels-unbundling-competitor-package-deals-data-driven-strategy,PASS,Submitted and indexed,2025-12-02,0,0,0.00,,200,Yes,2025-11-04,Yes,Optimize Content for SEO
https://www.icebergdata.co/case-study/e-commerce/e-commerce-closing-innovation-gap-smart-feature-analysis,PASS,Submitted and indexed,2025-12-02,0,0,0.00,,200,Yes,2025-11-02,Yes,Optimize Content for SEO
https://www.icebergdata.co/case-study/car-rental/car-rental-queue-keys-streamlining-car-rental-pickups-geospatial-foot,PASS,Submitted and indexed,2025-12-02,0,0,0.00,,200,Yes,2025-11-02,Yes,Optimize Content for SEO
https://www.icebergdata.co/case-study/car-rental/car-rental-redesigning-rental-funnel-increasing-add-on-sales,PASS,Submitted and indexed,2025-12-02,0,0,0.00,,200,Yes,2025-11-01,Yes,Optimize Content for SEO
https://www.icebergdata.co/case-study/food-delivery/food-delivery-boosting-off-peak-orders-through-hyper-local-weather,PASS,Submitted and indexed,2025-12-02,0,0,0.00,,200,Yes,2025-11-01,Yes,Optimize Content for SEO
https://www.icebergdata.co/case-study/lead-generation/lead-generation-boosting-saas-conversions-firmographic-driven-dynamic-pricing,PASS,Submitted and indexed,2025-12-02,0,0,0.00,,200,Yes,2025-10-29,Yes,Optimize Content for SEO
https://www.icebergdata.co/case-study/home-services/home-services-pinpointing-underserved-suburbs-hvac-expansion-analyzing,PASS,Submitted and indexed,2025-12-02,0,0,0.00,,200,Yes,2025-10-28,Yes,Optimize Content for SEO
https://www.icebergdata.co/case-study/airlines/airlines-obscure-routes-booked-flights-uncovering-niche,PASS,Submitted and indexed,2025-12-13,0,0,0.00,,200,Yes,2025-10-26,Yes,Optimize Content for SEO
https://www.icebergdata.co/case-study/hotels/hotels-cutting-spoilage-predictive-event-competitor-data,PASS,Submitted and indexed,2025-12-02,0,0,0.00,,200,Yes,2025-10-26,Yes,Optimize Content for SEO
https://www.icebergdata.co/case-study/market-intelligence/market-intelligence-uncovering-micro-influencer-goldmines-driving-300-referral,PASS,Submitted and indexed,2025-12-02,0,0,0.00,,200,Yes,2025-10-26,Yes,Optimize Content for SEO
https://www.icebergdata.co/case-study/car-rental/car-rental-slashing-fleet-idle-time-through-predictive-regional-demand,PASS,Submitted and indexed,2025-12-02,0,0,0.00,,200,Yes,2025-10-23,Yes,Optimize Content for SEO
https://www.icebergdata.co/case-study/e-commerce/e-commerce-scaling-authenticity-identifying-untapped-micro-influencers-lower,PASS,Submitted and indexed,2025-12-02,0,0,0.00,,200,Yes,2025-10-19,Yes,Optimize Content for SEO
https://www.icebergdata.co/case-study/car-rental/car-rental-right-sizing-specialty-vehicle-fleets-competitor-availability,PASS,Submitted and indexed,2025-12-02,0,0,0.00,,200,Yes,2025-10-18,Yes,Optimize Content for SEO
https://www.icebergdata.co/case-study/car-rental/car-rental-automating-multi-jurisdictional-surcharge-audits-compliance-shield,PASS,Submitted and indexed,2025-12-02,0,0,0.00,,200,Yes,2025-10-18,Yes,Optimize Content for SEO
https://www.icebergdata.co/case-study/retail/retail-boosting-basket-value-mapping-in-store-customer-journeys,PASS,Submitted and indexed,2025-12-02,0,0,0.00,,200,Yes,2025-10-17,Yes,Optimize Content for SEO
https://www.icebergdata.co/case-study/consumer-electronics/consumer-electronics-pinpointing-market-entry-data-driven-approach-localized,PASS,Submitted and indexed,2025-12-02,0,0,0.00,,200,Yes,2025-10-15,Yes,Optimize Content for SEO
https://www.icebergdata.co/case-study/airlines/airlines-boosting-ancillary-revenue-passenger-flow-dwell,PASS,Submitted and indexed,2025-12-02,0,0,0.00,,200,Yes,2025-10-13,Yes,Optimize Content for SEO
https://www.icebergdata.co/case-study/hotels/hotels-achieving-100-fee-disclosure-compliance-automating-ota-price,PASS,Submitted and indexed,2025-12-02,0,0,0.00,,200,Yes,2025-10-13,Yes,Optimize Content for SEO
https://www.icebergdata.co/case-study/healthcare/healthcare-strategic-clinic-placement-mapping-competitor-service,PASS,Submitted and indexed,2025-12-02,0,0,0.00,,200,Yes,2025-10-12,Yes,Optimize Content for SEO
https://www.icebergdata.co/case-study/e-commerce/e-commerce-maximizing-aov-nlp-driven-accessory-bundling,PASS,Submitted and indexed,2025-12-02,0,0,0.00,,200,Yes,2025-10-11,Yes,Optimize Content for SEO
https://www.icebergdata.co/case-study/car-rental/car-rental-mitigating-cross-state-regulatory-risk-automating-dmv,PASS,Submitted and indexed,2025-12-02,0,0,0.00,,200,Yes,2025-10-10,Yes,Optimize Content for SEO
https://www.icebergdata.co/case-study/airlines/airlines-pinpointing-profitable-bleisure-routes-correlating-business,PASS,Submitted and indexed,2025-12-02,0,0,0.00,,200,Yes,2025-10-10,Yes,Optimize Content for SEO
https://www.icebergdata.co/case-study/e-commerce/e-commerce-complaint-competitive-edge-nlp-product-reviews,PASS,Submitted and indexed,2025-12-02,0,0,0.00,,200,Yes,2025-10-09,Yes,Optimize Content for SEO
https://www.icebergdata.co/case-study/e-commerce/e-commerce-proactive-compliance-eliminating-unauthorized-health-claims,PASS,Submitted and indexed,2025-12-02,0,0,0.00,,200,Yes,2025-10-08,Yes,Optimize Content for SEO
https://www.icebergdata.co/case-study/manufacturing/manufacturing-de-risking-global-supply-chains-automating-chemical,PASS,Submitted and indexed,2025-12-02,0,0,0.00,,200,Yes,2025-10-08,Yes,Optimize Content for SEO
https://www.icebergdata.co/case-study/food-delivery/food-delivery-blanket-discounts-profit-hyper-local-promotion-strategy,PASS,Submitted and indexed,2025-12-02,0,0,0.00,,200,Yes,2025-10-08,Yes,Optimize Content for SEO
https://www.icebergdata.co/case-study/e-commerce/e-commerce-frustration-five-stars-analyzing-review-data,PASS,Submitted and indexed,2025-12-02,0,0,0.00,,200,Yes,2025-10-07,Yes,Optimize Content for SEO
https://www.icebergdata.co/case-study/healthcare/healthcare-enhancing-patient-adherence-scraping-user-reviews,PASS,Submitted and indexed,2025-12-02,0,0,0.00,,200,Yes,2025-10-07,Yes,Optimize Content for SEO
https://www.icebergdata.co/case-study/hotels/hotels-boosting-occupancy-through-total-cost-stay-tcs-intelligence,PASS,Submitted and indexed,2025-12-02,0,0,0.00,,200,Yes,2025-10-05,Yes,Optimize Content for SEO
https://www.icebergdata.co/case-study/lead-generation/lead-generation-surge-pricing-service-leads-boosting-lead,PASS,Submitted and indexed,2025-12-02,0,0,0.00,,200,Yes,2025-10-05,Yes,Optimize Content for SEO
https://www.icebergdata.co/case-study/electronics-retail/electronics-retail-boosting-refurbished-product-margins-via-condition-grade,PASS,Submitted and indexed,2025-12-02,0,0,0.00,,200,Yes,2025-10-05,Yes,Optimize Content for SEO
https://www.icebergdata.co/case-study/retail/retail-maximizing-margin-during-hyper-local-events-real-time,PASS,Submitted and indexed,2025-12-02,0,0,0.00,,200,Yes,2025-10-03,Yes,Optimize Content for SEO
https://www.icebergdata.co/case-study/e-commerce/e-commerce-mitigating-last-mile-failures-hyper-local-event-scraping,PASS,Submitted and indexed,2025-12-02,0,0,0.00,,200,Yes,2025-10-02,Yes,Optimize Content for SEO
https://www.icebergdata.co/case-study/manufacturing/manufacturing-closing-innovation-loop-slashing-power-tool-warranty-claims,PASS,Submitted and indexed,2025-12-02,0,0,0.00,,200,Yes,2025-10-02,Yes,Optimize Content for SEO
https://www.icebergdata.co/case-study/retail/retail-pinpointing-priorities-quantifying-feature-demand-50000,PASS,Submitted and indexed,2025-12-02,0,0,0.00,,200,Yes,2025-10-01,Yes,Optimize Content for SEO
https://www.icebergdata.co/case-study/car-rental/car-rental-pinpointing-profitable-last-mile-tourism-hubs-geospatial,PASS,Submitted and indexed,2025-12-02,0,0,0.00,,200,Yes,2025-09-26,Yes,Optimize Content for SEO
https://www.icebergdata.co/case-study/grocery-retail/grocery-retail-slashing-perishable-goods-spoilage-correlating-weather,PASS,Submitted and indexed,2025-12-02,0,0,0.00,,200,Yes,2025-09-24,Yes,Optimize Content for SEO
https://www.icebergdata.co/case-study/lead-generation/lead-generation-identifying-competitor-pricing-gaps-fuel-increase-saas-sqls,PASS,Submitted and indexed,2025-12-02,0,0,0.00,,200,Yes,2025-09-22,Yes,Optimize Content for SEO
https://www.icebergdata.co/case-study/dtc-and-retail/dtc-&amp;-retail-de-risking-retail-expansion-identifying-whitespace-opportunities,NEUTRAL,URL is unknown to Google,,0,0,0.00,,200,Yes,2025-09-22,Yes,No Action
https://www.icebergdata.co/case-study/e-commerce/e-commerce-pinpointing-micro-markets-european-expansion-analyzing-niche,PASS,Submitted and indexed,2025-12-02,0,0,0.00,,200,Yes,2025-09-21,Yes,Optimize Content for SEO
https://www.icebergdata.co/case-study/car-rental/car-rental-slashing-vehicle-downtime-predictive-maintenance-parts,PASS,Submitted and indexed,2025-12-02,0,0,0.00,,200,Yes,2025-09-21,Yes,Optimize Content for SEO
https://www.icebergdata.co/case-study/lead-generation/lead-generation-refining-sales-funnel-competitor-sentiment-tracking,PASS,Submitted and indexed,2025-12-02,0,0,0.00,,200,Yes,2025-09-19,Yes,Optimize Content for SEO
https://www.icebergdata.co/case-study/food-delivery/food-delivery-pinpointing-ingredient-level-sentiment-reduce-menu-item,PASS,Submitted and indexed,2025-12-02,0,0,0.00,,200,Yes,2025-09-19,Yes,Optimize Content for SEO
https://www.icebergdata.co/case-study/consumer-electronics/consumer-electronics-anticipating-component-demand-spikes-scraping-end-of-life,PASS,Submitted and indexed,2025-12-02,0,0,0.00,,200,Yes,2025-09-17,Yes,Optimize Content for SEO
https://www.icebergdata.co/case-study/airlines/airlines-frustration-five-stars-pinpointing-service-gaps,PASS,Submitted and indexed,2025-12-02,0,0,0.00,,200,Yes,2025-09-16,Yes,Optimize Content for SEO
https://www.icebergdata.co/case-study/e-commerce/e-commerce-pinpointing-european-market-entry-analyzing-niche,PASS,Submitted and indexed,2025-12-02,0,0,0.00,,200,Yes,2025-09-14,Yes,Optimize Content for SEO
https://www.icebergdata.co/case-study/hotels/hotels-complaint-competitive-edge-uncovering-high-value-amenity,PASS,Submitted and indexed,2025-12-02,0,0,0.00,,200,Yes,2025-09-14,Yes,Optimize Content for SEO
https://www.icebergdata.co/case-study/healthcare/healthcare-calibrating-clinic-launch-pricing-through-geo-specific,PASS,Submitted and indexed,2025-12-02,0,0,0.00,,200,Yes,2025-09-12,Yes,Optimize Content for SEO
https://www.icebergdata.co/case-study/healthcare/healthcare-quantifying-patient-trust-medical-device-firm,PASS,Submitted and indexed,2025-12-02,0,0,0.00,,200,Yes,2025-09-12,Yes,Optimize Content for SEO
https://www.icebergdata.co/case-study/manufacturing/manufacturing-recalibrating-aftermarket-dominance-sku-level-price-monitoring,PASS,Submitted and indexed,2025-12-02,0,0,0.00,,200,Yes,2025-09-12,Yes,Optimize Content for SEO
https://www.icebergdata.co/case-study/car-rental/car-rental-solving-fleet-maintenance-bottlenecks-real-time-parts,PASS,Submitted and indexed,2025-12-02,0,0,0.00,,200,Yes,2025-09-11,Yes,Optimize Content for SEO
https://www.icebergdata.co/case-study/home-services/home-services-ensuring-100-compliance-automating-multi-state-license,PASS,Submitted and indexed,2025-12-02,0,0,0.00,,200,Yes,2025-09-11,Yes,Optimize Content for SEO
https://www.icebergdata.co/case-study/hotels/hotels-redesigning-hotel-lobbies-peak-flow-correlating,PASS,Submitted and indexed,2025-12-02,0,0,0.00,,200,Yes,2025-09-10,Yes,Optimize Content for SEO
https://www.icebergdata.co/case-study/e-commerce/e-commerce-escaping-price-race-to-the-bottom-maximizing-margins-analyzing,PASS,Submitted and indexed,2025-12-02,0,0,0.00,,200,Yes,2025-09-09,Yes,Optimize Content for SEO
https://www.icebergdata.co/case-study/airlines/airlines-decoding-competitor-ancillary-revenue-models-increase,PASS,Submitted and indexed,2025-12-02,0,0,0.00,,200,Yes,2025-09-09,Yes,Optimize Content for SEO
https://www.icebergdata.co/case-study/e-commerce/e-commerce-slashing-late-delivery-rates-real-time-logistics,PASS,Submitted and indexed,2025-12-02,0,0,0.00,,200,Yes,2025-09-08,Yes,Optimize Content for SEO
https://www.icebergdata.co/case-study/manufacturing/manufacturing-ensuring-global-market-access-automating-chemical,PASS,Submitted and indexed,2025-12-02,0,0,0.00,,200,Yes,2025-09-07,Yes,Optimize Content for SEO
https://www.icebergdata.co/case-study/hotels/hotels-boosting-on-site-amenity-revenue-through-predictive,PASS,Submitted and indexed,2025-12-02,0,0,0.00,,200,Yes,2025-09-05,Yes,Optimize Content for SEO
https://www.icebergdata.co/case-study/retail/retail-eliminating-demurrage-fees-forecasting-port-congestion,PASS,Submitted and indexed,2025-12-02,0,0,0.00,,200,Yes,2025-09-05,Yes,Optimize Content for SEO
https://www.icebergdata.co/case-study/car-rental/car-rental-driving-niche-bookings-through-micro-influencer-travel,PASS,Submitted and indexed,2025-12-02,0,0,0.00,,200,Yes,2025-09-04,Yes,Optimize Content for SEO
https://www.icebergdata.co/case-study/retail/retail-maximizing-aov-through-ai-driven-product-bundle-intelligence,PASS,Submitted and indexed,2025-12-02,0,0,0.00,,200,Yes,2025-09-04,Yes,Optimize Content for SEO
https://www.icebergdata.co/case-study/e-commerce/e-commerce-pinpointing-product-opportunity-analyzing-competitor-review,PASS,Submitted and indexed,2025-12-02,0,0,0.00,,200,Yes,2025-09-02,Yes,Optimize Content for SEO
https://www.icebergdata.co/case-study/airlines/airlines-maximizing-ancillary-revenue-deconstructing-competitor-fee,PASS,Submitted and indexed,2025-12-02,0,0,0.00,,200,Yes,2025-09-02,Yes,Optimize Content for SEO
https://www.icebergdata.co/case-study/retail/retail-decoding-greenwashing-accusations-analyzing-niche-forum,PASS,Submitted and indexed,2025-12-02,0,0,0.00,,200,Yes,2025-09-02,Yes,Optimize Content for SEO
https://www.icebergdata.co/case-study/e-commerce/e-commerce-neutralizing-competitor-discounts-real-time-coupon-code,PASS,Submitted and indexed,2025-12-02,0,0,0.00,,200,Yes,2025-09-01,Yes,Optimize Content for SEO
https://www.icebergdata.co/case-study/manufacturing/manufacturing-maximizing-margins-industrial-spares-dynamic-pricing,PASS,Submitted and indexed,2025-12-02,0,0,0.00,,200,Yes,2025-08-29,Yes,Optimize Content for SEO
https://www.icebergdata.co/case-study/manufacturing/manufacturing-automating-chemical-compliance-proactive-sds-monitoring,PASS,Submitted and indexed,2025-12-02,0,0,0.00,,200,Yes,2025-08-29,Yes,Optimize Content for SEO
https://www.icebergdata.co/case-study/manufacturing/manufacturing-unlocking-channel-velocity-dynamic-promotion-strategy,PASS,Submitted and indexed,2025-12-02,0,0,0.00,,200,Yes,2025-08-23,Yes,Optimize Content for SEO
https://www.icebergdata.co/case-study/market-intelligence/market-intelligence-pinpointing-prime-markets-infrastructure-expansion-geospatial,PASS,Submitted and indexed,2025-12-02,0,0,0.00,,200,Yes,2025-08-23,Yes,Optimize Content for SEO
https://www.icebergdata.co/case-study/manufacturing/manufacturing-automating-chemical-compliance-proactive-sds-monitoring,PASS,Submitted and indexed,2025-12-02,0,0,0.00,,200,Yes,2025-08-29,Yes,Optimize Content for SEO
https://www.icebergdata.co/case-study/manufacturing/manufacturing-unlocking-hidden-margins-competitor-aftermarket-parts,PASS,Submitted and indexed,2025-12-02,0,0,0.00,,200,Yes,2025-08-19,Yes,Optimize Content for SEO
https://www.icebergdata.co/case-study/lead-generation/lead-generation-boosting-lead-monetization-real-time-demand-sensing-pricing,PASS,Submitted and indexed,2025-12-02,0,0,0.00,,200,Yes,2025-08-16,Yes,Optimize Content for SEO
https://www.icebergdata.co/case-study/healthcare/healthcare-solving-last-mile-spoilage-biologics-predictive-route-risk,PASS,Submitted and indexed,2025-12-02,0,0,0.00,,200,Yes,2025-08-10,Yes,Optimize Content for SEO
https://www.icebergdata.co/case-study/healthcare/healthcare-pinpointing-rural-expansion-opportunities-mapping-healthcare,PASS,Submitted and indexed,2025-12-02,0,0,0.00,,200,Yes,2025-08-10,Yes,Optimize Content for SEO
https://www.icebergdata.co/case-study/lead-generation/lead-generation-beyond-follower-counts-pinpointing-high-engagement-influencers,PASS,Submitted and indexed,2025-12-02,0,0,0.00,,200,Yes,2025-08-09,Yes,Optimize Content for SEO
https://www.icebergdata.co/case-study/home-services/home-services-identifying-service-deserts-data-driven-strategy-home,PASS,Submitted and indexed,2025-12-02,0,0,0.00,,200,Yes,2025-08-08,Yes,Optimize Content for SEO
https://www.icebergdata.co/case-study/market-intelligence/market-intelligence-closing-perceptual-gap-legacy-brand-aligned-its-voice,PASS,Submitted and indexed,2025-12-02,0,0,0.00,,200,Yes,2025-08-07,Yes,Optimize Content for SEO
https://www.icebergdata.co/case-study/retail-electronics/retail-(electronics)-mapping-journey-chasm-pathing-analysis-increased,PASS,Submitted and indexed,2025-12-02,0,0,0.00,,200,Yes,2025-08-07,Yes,Optimize Content for SEO
https://www.icebergdata.co/case-study/consumer-electronics/consumer-electronics-boosting-promotion-roi-through-real-time-competitor,PASS,Submitted and indexed,2025-12-02,0,0,0.00,,200,Yes,2025-08-06,Yes,Optimize Content for SEO
https://www.icebergdata.co/case-study/healthcare/healthcare-eliminating-surgical-delays-real-time-implant-instrument,PASS,Submitted and indexed,2025-12-02,0,0,0.00,,200,Yes,2025-08-04,Yes,Optimize Content for SEO
https://www.icebergdata.co/case-study/healthcare/healthcare-closing-patient-experience-gap-telehealth-review,PASS,Submitted and indexed,2025-12-02,0,0,0.00,,200,Yes,2025-08-03,Yes,Optimize Content for SEO
https://www.icebergdata.co/case-study/lead-generation/lead-generation-decoding-competitor-pricing-deep-web-scraping-reduced-cpql,PASS,Submitted and indexed,2025-12-02,0,0,0.00,,200,Yes,2025-08-03,Yes,Optimize Content for SEO
https://www.icebergdata.co/case-study/healthcare/healthcare-cracking-competitor-dme-bundle-pricing-boost-average-order,PASS,Submitted and indexed,2025-12-02,0,0,0.00,,200,Yes,2025-08-02,Yes,Optimize Content for SEO
https://www.icebergdata.co/case-study/food-delivery/food-delivery-decoding-delivery-disasters-granular-sentiment-analysis,PASS,Submitted and indexed,2025-12-02,0,0,0.00,,200,Yes,2025-07-29,Yes,Optimize Content for SEO
https://www.icebergdata.co/case-study/consumer-electronics/consumer-electronics-decoding-competitor-total-cost-ownership-capture,PASS,Submitted and indexed,2025-12-02,0,0,0.00,,200,Yes,2025-07-28,Yes,Optimize Content for SEO
https://www.icebergdata.co/case-study/food-delivery/food-delivery-neutralizing-competitor-surge-pricing-real-time-fee,PASS,Submitted and indexed,2025-12-02,0,0,0.00,,200,Yes,2025-07-24,Yes,Optimize Content for SEO
https://www.icebergdata.co/case-study/car-rental/car-rental-slashing-vehicle-downtime-real-time-service-parts-data-cut,PASS,Submitted and indexed,2025-12-02,0,0,0.00,,200,Yes,2025-07-18,Yes,Optimize Content for SEO
https://www.icebergdata.co/case-study/airlines/airlines-frequent-flyers-brand-advocates-data-driven-influencer,PASS,Submitted and indexed,2025-12-02,0,0,0.00,,200,Yes,2025-07-17,Yes,Optimize Content for SEO
https://www.icebergdata.co/case-study/e-commerce/e-commerce-cutting-last-mile-delivery-failures-hyper-local-carrier,PASS,Submitted and indexed,2025-12-02,0,0,0.00,,200,Yes,2025-07-14,Yes,Optimize Content for SEO
https://www.icebergdata.co/case-study/retail/retail-cutting-return-freight-costs-intercepting-pre-shipment,PASS,Submitted and indexed,2025-12-02,0,0,0.00,,200,Yes,2025-07-09,Yes,Optimize Content for SEO
https://www.icebergdata.co/case-study/lead-generation/lead-generation-generating-high-value-b2b-leads-predicting-component,PASS,Submitted and indexed,2025-12-02,0,0,0.00,,200,Yes,2025-07-05,Yes,Optimize Content for SEO
https://www.icebergdata.co/case-study/retail/retail-greenwashing-genuine-sentiment-analysis-defused-crisis,PASS,Submitted and indexed,2025-12-02,0,0,0.00,,200,Yes,2025-07-01,Yes,Optimize Content for SEO
https://www.icebergdata.co/case-study/car-rental/car-rental-frustration-five-stars-pinpointing-negative-sentiment,PASS,Submitted and indexed,2025-12-02,0,0,0.00,,200,Yes,2025-06-28,Yes,Optimize Content for SEO
https://www.icebergdata.co/case-study/hotels/hotels-decoding-guest-ambivalence-transforming-neutral-reviews,PASS,Submitted and indexed,2025-12-02,0,0,0.00,,200,Yes,2025-06-16,Yes,Optimize Content for SEO
https://www.icebergdata.co/case-study/bus-operators/bus-operators-tiktok-terminal-uncovering-hyper-local-influencers-drive,PASS,Submitted and indexed,2025-12-02,0,0,0.00,,200,Yes,2025-06-11,Yes,Optimize Content for SEO
https://www.icebergdata.co/case-study/car-rental/car-rental-solving-one-way-rental-puzzle-balancing-fleet,PASS,Submitted and indexed,2025-12-02,0,0,0.00,,200,Yes,2025-06-05,Yes,Optimize Content for SEO
https://www.icebergdata.co/case-study/airlines/airlines-rescuing-underbooked-flights-revenue-lift-through,PASS,Submitted and indexed,2025-12-02,0,0,0.00,,200,Yes,2025-06-05,Yes,Optimize Content for SEO
https://www.icebergdata.co/case-study/hotels/hotels-slashing-perishable-inventory-waste-through-hyper-local,PASS,Submitted and indexed,2025-12-02,0,0,0.00,,200,Yes,2025-06-02,Yes,Optimize Content for SEO
https://www.icebergdata.co/case-study/airlines/airlines-pinpointing-high-impact-app-features-through-aggregated,PASS,Submitted and indexed,2025-12-02,0,0,0.00,,200,Yes,2025-05-26,Yes,Optimize Content for SEO
https://www.icebergdata.co/case-study/e-commerce/e-commerce-decoding-product-launch-narratives-feature-level-sentiment,PASS,Submitted and indexed,2025-12-02,0,0,0.00,,200,Yes,2025-05-20,Yes,Optimize Content for SEO
https://www.icebergdata.co/case-study/e-commerce/e-commerce-decoding-landed-costs-total-price-scraping-reduced-cart,PASS,Submitted and indexed,2025-12-02,0,0,0.00,,200,Yes,2025-05-09,Yes,Optimize Content for SEO
https://www.icebergdata.co/case-study/e-commerce/e-commerce-automating-reach-compliance-ingredient-level-scraping-prevented,PASS,Submitted and indexed,2025-12-02,0,0,0.00,,200,Yes,2025-05-08,Yes,Optimize Content for SEO
https://www.icebergdata.co/case-study/hotels/hotels-unmasking-hidden-fees-ancillary-charge-scraping,PASS,Submitted and indexed,2025-12-02,0,0,0.00,,200,Yes,2025-05-07,Yes,Optimize Content for SEO
https://www.icebergdata.co/case-study/hotels/hotels-vanity-metrics-verified-bookings-pinpointing-high-roi,PASS,Submitted and indexed,2025-12-02,0,0,0.00,,200,Yes,2025-05-07,Yes,Optimize Content for SEO
https://www.icebergdata.co/case-study/e-commerce/e-commerce-capturing-long-tail-surges-forum-scraping-boosted,PASS,Submitted and indexed,2025-12-02,0,0,0.00,,200,Yes,2025-04-26,Yes,Optimize Content for SEO
https://www.icebergdata.co/case-study/lead-generation/lead-generation-forum-lurkers-lead-magnets-identifying-high-conversion,PASS,Submitted and indexed,2025-12-02,0,0,0.00,,200,Yes,2025-04-26,Yes,Optimize Content for SEO
https://www.icebergdata.co/case-study/food-delivery/food-delivery-mapping-hangry-index-geospatial-sentiment-analysis,PASS,Submitted and indexed,2025-12-02,0,0,0.00,,200,Yes,2025-04-13,Yes,Optimize Content for SEO
https://www.icebergdata.co/case-study/retail/retail-complaints-competitive-edge-pinpointing-missing-features,PASS,Submitted and indexed,2025-12-02,0,0,0.00,,200,Yes,2025-04-06,Yes,Optimize Content for SEO
https://www.icebergdata.co/case-study/car-rental/car-rental-beyond-vanity-metrics-matching-niche-travel,PASS,Submitted and indexed,2025-12-02,0,0,0.00,,200,Yes,2025-03-19,Yes,Optimize Content for SEO
https://www.icebergdata.co/case-study/retail/retail-winning-buy-box-real-time-marketplace-monitoring,PASS,Submitted and indexed,2025-12-02,0,0,0.00,,200,Yes,2025-03-05,Yes,Optimize Content for SEO
https://www.icebergdata.co/case-study/bus-operators/bus-operators-event-driven-fare-optimization-boosting-off-peak-revenue,PASS,Submitted and indexed,2025-12-06,0,0,0.00,,200,Yes,2025-02-28,Yes,Optimize Content for SEO
https://www.icebergdata.co/case-study/car-rental/car-rental-ensuring-fair-pricing-integrity-proactive-monitoring,PASS,Submitted and indexed,2025-12-02,0,0,0.00,,200,Yes,2025-02-24,Yes,Optimize Content for SEO
https://www.icebergdata.co/case-study/bus-operators/bus-operators-boosting-rider-satisfaction-through-onboard-amenity,PASS,Submitted and indexed,2025-12-02,0,0,0.00,,200,Yes,2025-02-20,Yes,Optimize Content for SEO
https://www.icebergdata.co/case-study/hotels/hotels-cutting-food-spoilage-predictive-supply-chain-intelligence,PASS,Submitted and indexed,2025-12-02,0,0,0.00,,200,Yes,2025-02-18,Yes,Optimize Content for SEO
https://www.icebergdata.co/case-study/car-rental/car-rental-pinpointing-high-roi-fleet-deployment-mapping-charging,PASS,Submitted and indexed,2025-12-02,0,0,0.00,,200,Yes,2025-02-17,Yes,Optimize Content for SEO
https://www.icebergdata.co/case-study/airlines/airlines-automating-acaa-compliance-web-scraping-ensures,PASS,Submitted and indexed,2025-12-02,0,0,0.00,,200,Yes,2025-02-16,Yes,Optimize Content for SEO
https://www.icebergdata.co/case-study/retail/retail-dead-ends-deal-zones-boosting-basket-size-in-store,PASS,Submitted and indexed,2025-12-02,0,0,0.00,,200,Yes,2025-02-05,Yes,Optimize Content for SEO
https://www.icebergdata.co/case-study/car-rental/car-rental-path-purchase-analyzing-customer-dwell-time-airport-rental,PASS,Submitted and indexed,2025-12-02,0,0,0.00,,200,Yes,2024-12-25,Yes,Optimize Content for SEO
https://www.icebergdata.co/case-study/car-rental/car-rental-decoding-traveler-intent-sentiment-analysis-niche,PASS,Submitted and indexed,2025-12-02,0,0,0.00,,200,Yes,2024-12-14,Yes,Optimize Content for SEO
https://www.icebergdata.co/case-study/e-commerce/e-commerce-dynamic-carrier-selection-slashing-delivery-exceptions,NEUTRAL,Crawled - currently not indexed,2025-12-02,0,0,0.00,,200,Yes,2024-11-13,Yes,No Action
https://www.icebergdata.co/case-study/consumer-electronics/consumer-electronics-closing-innovation-gap-nlp-customer-reviews-drove-product,PASS,Submitted and indexed,2025-12-02,0,0,0.00,,200,Yes,2024-11-02,Yes,Optimize Content for SEO
https://www.icebergdata.co/case-study/car-rental/car-rental-decoding-dwelling-time-geospatial-data-reshaped,PASS,Submitted and indexed,2025-12-02,0,0,0.00,,200,Yes,2024-10-30,Yes,Optimize Content for SEO
https://www.icebergdata.co/case-study/hotels/hotels-cutting-food-waste-real-time-scraping-local,PASS,Submitted and indexed,2025-12-02,0,0,0.00,,200,Yes,2024-10-08,Yes,Optimize Content for SEO
https://www.icebergdata.co/case-study/airlines/airlines-reducing-gate-congestion-through-predictive-passenger,PASS,Submitted and indexed,2025-12-02,0,0,0.00,,200,Yes,2024-10-05,Yes,Optimize Content for SEO
https://www.icebergdata.co/case-study/retail/retail-pinpointing-critical-design-flaws-customer-review,PASS,Submitted and indexed,2025-12-02,0,0,0.00,,200,Yes,2024-08-11,Yes,Optimize Content for SEO
https://www.icebergdata.co/case-study/e-commerce/e-commerce-preserving-brand-integrity-real-time-sentiment-tracking,PASS,Submitted and indexed,2025-12-02,0,0,0.00,,200,Yes,2024-08-05,Yes,Optimize Content for SEO
https://www.icebergdata.co/case-study/retail/retail-greenwashing-green-lighting-quantifying-roi-sustainable-messaging,PASS,Submitted and indexed,2025-12-02,0,0,0.00,,200,Yes,2024-07-27,Yes,Optimize Content for SEO
https://www.icebergdata.co/case-study/lead-generation/lead-generation-frustration-conversion-generating-high-intent-b2b-leads,PASS,Submitted and indexed,2025-12-02,0,0,0.00,,200,Yes,2024-07-23,Yes,Optimize Content for SEO
https://www.icebergdata.co/case-study/airlines/airlines-slashing-aircraft-on-ground-aog-costs-automating-secondary,PASS,Submitted and indexed,2025-12-02,0,0,0.00,,200,Yes,2024-06-30,Yes,Optimize Content for SEO
https://www.icebergdata.co/case-study/airlines/airlines-unlocking-niche-routes-identifying-high-impact-travel,PASS,Submitted and indexed,2025-12-02,0,0,0.00,,200,Yes,2024-06-20,Yes,Optimize Content for SEO
https://www.icebergdata.co/case-study/airlines/airlines-unlocking-event-driven-demand-boosting-ancillary-revenue,PASS,Submitted and indexed,2025-12-02,0,0,0.00,,200,Yes,2024-06-05,Yes,Optimize Content for SEO
https://www.icebergdata.co/case-study/retail/retail-maximizing-cart-value-dynamic-pricing-model,PASS,Submitted and indexed,2025-12-02,0,0,0.00,,200,Yes,2024-05-22,Yes,Optimize Content for SEO
https://www.icebergdata.co/case-study/retail/retail-dead-zones-hotspots-increasing-basket-size-in-store-journey,PASS,Submitted and indexed,2025-12-02,0,0,0.00,,200,Yes,2024-05-03,Yes,Optimize Content for SEO
https://www.icebergdata.co/case-study/e-commerce/e-commerce-curbing-overstock-waste-through-predictive-analysis,PASS,Submitted and indexed,2025-12-02,0,0,0.00,,200,Yes,2024-03-12,Yes,Optimize Content for SEO
https://www.icebergdata.co/case-study/car-rental/car-rental-pinpointing-high-value-expansion-markets-triangulating-aviation,PASS,Submitted and indexed,2025-12-02,0,0,0.00,,200,Yes,2024-02-29,Yes,Optimize Content for SEO
https://www.icebergdata.co/case-study/lead-generation/lead-generation-transforming-lead-quality-sentiment-analysis-uncovered,PASS,Submitted and indexed,2025-12-02,0,0,0.00,,200,Yes,2024-02-23,Yes,Optimize Content for SEO
https://www.icebergdata.co/case-study/market-intelligence/market-intelligence-achieving-market-integrity-automating-competitor-health,PASS,Submitted and indexed,2025-12-02,0,0,0.00,,200,Yes,2024-02-05,Yes,Optimize Content for SEO
https://www.icebergdata.co/case-study/retail/retail-unlocking-hidden-revenue-dynamic-bundle-pricing,PASS,Submitted and indexed,2025-12-02,0,0,0.00,,200,Yes,2023-12-28,Yes,Optimize Content for SEO
https://www.icebergdata.co/case-study/airlines/airlines-closing-in-flight-experience-gap-customer-review,PASS,Submitted and indexed,2025-12-02,0,0,0.00,,200,Yes,2023-12-11,Yes,Optimize Content for SEO
https://www.icebergdata.co/case-study/e-commerce/e-commerce-boosting-conversion-rates-identifying-micro-influencers-high,PASS,Submitted and indexed,2025-12-02,0,0,0.00,,200,Yes,2023-11-30,Yes,Optimize Content for SEO
https://www.icebergdata.co/case-study/lead-generation/lead-generation-proactive-lead-generation-identifying-distressed-shippers,PASS,Submitted and indexed,2025-12-02,0,0,0.00,,200,Yes,2023-10-12,Yes,Optimize Content for SEO
https://www.icebergdata.co/case-study/e-commerce/e-commerce-noise-signal-pinpointing-micro-influencers-organic-brand,PASS,Submitted and indexed,2025-12-02,0,0,0.00,,200,Yes,2023-09-19,Yes,Optimize Content for SEO
https://www.icebergdata.co/case-study/home-services-and-repair/home-services-&amp;-repair-pinpointing-service-deserts-expanding-premium-appliance,NEUTRAL,URL is unknown to Google,,0,0,0.00,,200,Yes,2023-09-09,Yes,No Action
https://www.icebergdata.co/case-study/retail/retail-maximizing-cross-sell-revenue-through-store-in-store-foot,PASS,Submitted and indexed,2025-12-02,0,0,0.00,,200,Yes,2023-08-29,Yes,Optimize Content for SEO
https://www.icebergdata.co/case-study/car-rental/car-rental-maximizing-ancillary-revenue-through-deep-funnel,PASS,Submitted and indexed,2025-12-02,0,0,0.00,,200,Yes,2023-08-28,Yes,Optimize Content for SEO
https://www.icebergdata.co/case-study/hotels/hotels-slashing-waste-event-driven-demand-forecasting,PASS,Submitted and indexed,2025-12-02,0,0,0.00,,200,Yes,2023-08-27,Yes,Optimize Content for SEO
https://www.icebergdata.co/case-study/lead-generation/lead-generation-mitigating-tcpa-risk-proactive-lead-funnel,PASS,Submitted and indexed,2025-12-02,0,0,0.00,,200,Yes,2023-07-14,Yes,Optimize Content for SEO
https://www.icebergdata.co/case-study/airlines/airlines-boosting-ancillary-revenue-real-time-event-driven-upgrade,PASS,Submitted and indexed,2025-12-02,0,0,0.00,,200,Yes,2023-06-27,Yes,Optimize Content for SEO
https://www.icebergdata.co/case-study/car-rental/car-rental-navigating-urban-lezs-ensuring-fleet-compliance,PASS,Submitted and indexed,2025-12-02,0,0,0.00,,200,Yes,2023-06-21,Yes,Optimize Content for SEO
https://www.icebergdata.co/case-study/lead-generation/lead-generation-solving-lead-cannibalization-dynamic-pricing-based,PASS,Submitted and indexed,2025-12-02,0,0,0.00,,200,Yes,2023-06-17,Yes,Optimize Content for SEO
https://www.icebergdata.co/case-study/hotels/hotels-dynamic-lobby-monetization-boosting-ancillary-revenue,NEUTRAL,Crawled - currently not indexed,2025-12-02,0,0,0.00,,200,Yes,2023-06-14,Yes,No Action
https://www.icebergdata.co/case-study/hotels/hotels-decoding-digital-empathy-sentiment-analysis-management,PASS,Submitted and indexed,2025-12-02,0,0,0.00,,200,Yes,2023-06-09,Yes,Optimize Content for SEO
https://www.icebergdata.co/case-study/e-commerce/e-commerce-closing-innovation-loop-smart-home-brand-pinpointed-key,PASS,Submitted and indexed,2025-12-02,0,0,0.00,,200,Yes,2023-05-22,Yes,Optimize Content for SEO
https://www.icebergdata.co/case-study/airlines/airlines-uncovering-destination-expert-influencers-drive-booking-lift,PASS,Submitted and indexed,2025-12-02,0,0,0.00,,200,Yes,2023-05-14,Yes,Optimize Content for SEO
https://www.icebergdata.co/case-study/hotels/hotels-unlocking-boutique-hotel-growth-untapped-cities-via-bleisure,PASS,Submitted and indexed,2025-12-02,0,0,0.00,,200,Yes,2023-05-09,Yes,Optimize Content for SEO
https://www.icebergdata.co/case-study/hotels/hotels-pinpointing-prime-wellness-hotel-locations-mapping,PASS,Submitted and indexed,2025-12-02,0,0,0.00,,200,Yes,2023-05-02,Yes,Optimize Content for SEO
https://www.icebergdata.co/case-study/market-intelligence/market-intelligence-pinpointing-profitable-land-parcels-eco-home-development,PASS,Submitted and indexed,2025-12-02,0,0,0.00,,200,Yes,2023-04-14,Yes,Optimize Content for SEO
https://www.icebergdata.co/case-study/car-rental/car-rental-decoding-competitor-surcharges-granular-fee-scraping,PASS,Submitted and indexed,2025-12-02,0,0,0.00,,200,Yes,2023-02-23,Yes,Optimize Content for SEO
https://www.icebergdata.co/case-study/hotels/hotels-reversing-booking-decline-decoding-guest-sentiment-whispers,PASS,Submitted and indexed,2025-12-02,0,0,0.00,,200,Yes,2023-02-19,Yes,Optimize Content for SEO
https://www.icebergdata.co/case-study/e-commerce/e-commerce-escaping-price-wars-dynamic-pricing-model-based-competitor,PASS,Submitted and indexed,2025-12-02,0,0,0.00,,200,Yes,2023-02-05,Yes,Optimize Content for SEO
https://www.icebergdata.co/case-study/retail/retail-mapping-profitability-scraping-competitor-store-layouts,PASS,Submitted and indexed,2025-12-02,0,0,0.00,,200,Yes,2023-01-12,Yes,Optimize Content for SEO